0,NaN
0.1,4.96116202809906
0.2,4.90873094559995
0.3,4.82106401715912
0.4,4.69773167356339
0.5,4.53811838606797
0.6,4.34140764616386
0.7,4.10656129296493
0.8,3.83229199271423
0.9,3.51702718333592
1,3.15886211769739
1.1,2.75549867534012
1.2,2.30416521165428
1.3,1.80151063047897
1.4,1.24346269492245
1.5,0.625035640692735
1.6,-0.0599357871976592
1.7,-0.819171896042343
1.8,-1.66249173938369
1.9,-2.60262360388644
2,-3.65645585088296
2.1,-4.84704928801518
2.2,-6.20704266281477
2.3,-7.78478929045219
2.4,-9.65633644532276
2.5,-11.951407222487
2.6,-14.9184694672569
2.7,-19.1237270499944
2.8,-26.1409732741542
2.9,-28.9284366939253
3,-21.4349122546725
3.1,-17.317939463477
3.2,-14.713355627463
3.3,-12.8903518245968
3.4,-11.5474934412121
3.5,-10.5343750544391
3.6,-9.76601694905629
3.7,-9.19027868829084
3.8,-8.77336106423502
3.9,-8.49259591005883
4,-8.33256062507007
4.1,-8.28286528864997
4.2,-8.33685490921056
4.3,-8.49085559366143
4.4,-8.74377721976508
4.5,-9.09698272022158
4.6,-9.55439499435906
4.7,-10.1228620640523
4.8,-10.8128576414558
4.9,-11.6396796219626
5,-12.6254617926595
5.1,-13.8026167871512
5.2,-15.219973999183
5.3,-16.954335034105
5.4,-19.133504862724
5.5,-21.9825018620229
5.6,-25.8720350025768
5.7,-30.3903707458787
5.8,-29.2745884844571
5.9,-24.9718681208343
6,-21.7716203915921
6.1,-19.4796145345369
6.2,-17.7697445972947
6.3,-16.455808271268
6.4,-15.4304002831716
6.5,-14.6277440039778
6.6,-14.0053928312871
6.7,-13.5348859101029
6.8,-13.1966874978877
6.9,-12.9773010235577
7,-12.8675615492401
7.1,-12.8616105813059
7.2,-12.956296292588
7.3,-13.1508651827317
7.4,-13.4468809846685
7.5,-13.8483530491547
7.6,-14.3620961014405
7.7,-14.9983887431303
7.8,-15.7720636686998
7.9,-16.7042696192269
8,-17.8253261645732
8.1,-19.1793757546382
8.2,-20.8317771123633
8.3,-22.8787900684
8.4,-25.4435026664065
8.5,-28.5163317286798
8.6,-30.8869567672148
8.7,-29.8008999528489
8.8,-26.9150157303262
8.9,-24.3405382973417
9,-22.3188084143647
9.1,-20.7361550557921
9.2,-19.4834408708764
9.3,-18.4848547704542
9.4,-17.6893187259865
9.5,-17.0619457505479
9.6,-16.5784692517451
9.7,-16.2218111119151
9.8,-15.979963699794
9.9,-15.8446696134087
10,-15.8106001493942
10.1,-15.8748623504065
10.2,-16.036740098934
10.3,-16.2976215295728
10.4,-16.6610975570073
10.5,-17.1332434790413
10.6,-17.7231235047503
10.7,-18.4435907332597
10.8,-19.3124911903708
10.9,-20.3543949440735
11,-21.6028416719773
11.1,-23.1022203431133
11.2,-24.9041569655922
11.3,-27.0335548333434
11.4,-29.3190958158928
11.5,-30.8900340884309
11.6,-30.4266591284969
11.7,-28.486147742267
11.8,-26.3806648959519
11.9,-24.5615948514242
12,-23.066051350326
12.1,-21.8474391397694
12.2,-20.8562114354951
12.3,-20.0532255139831
12.4,-19.4094400477095
12.5,-18.9036138203867
12.6,-18.5202750156345
12.7,-18.2482465068103
12.8,-18.0796355511081
12.9,-18.0091628588833
13,-18.0337359101834
13.1,-18.1522043190553
13.2,-18.3652608975918
13.3,-18.6754715024971
13.4,-19.0874317972703
13.5,-19.6080605400563
13.6,-20.2470441246708
13.7,-21.0174329847759
13.8,-21.9363133456575
13.9,-23.0251945598276
14,-24.3087894918134
14.1,-25.8076448919263
14.2,-27.5096961895733
14.3,-29.2790900646465
14.4,-30.6601507944101
14.5,-30.9057976297854
14.6,-29.8760977284925
14.7,-28.2699869412746
14.8,-26.6518100745705
14.9,-25.2190006339884
15,-24.0029615566098
15.1,-22.9872578006965
15.2,-22.1469214346348
15.3,-21.4591593813209
15.4,-20.9055026835887
15.5,-20.471632063887
15.6,-20.1467118930173
15.7,-19.9227428607785
15.8,-19.7940516465923
15.9,-19.7569246882181
16,-19.8093671421141
16.1,-19.9509671322612
16.2,-20.1828505596513
16.3,-20.5077168968255
16.4,-20.9299484313577
16.5,-21.4557799235245
16.6,-22.093491820079
16.7,-22.8535196867419
16.8,-23.7481799279355
16.9,-24.7901946705934
17,-25.9878238485204
17.1,-27.3309324242599
17.2,-28.7551904367214
17.3,-30.0689811361586
17.4,-30.8924297572021
17.5,-30.848420207739
17.6,-29.991047563353
17.7,-28.7334306666943
17.8,-27.4191814535108
17.9,-26.2061345590403
18,-25.1426715492848
18.1,-24.2330132782781
18.2,-23.4670550682169
18.3,-22.8316759620114
18.4,-22.3145988326599
18.5,-21.9054939340218
18.6,-21.5961176195871
18.7,-21.3801507455407
18.8,-21.2529781495446
18.9,-21.2114925023303
19,-21.2539471840781
19.1,-21.3798616027534
19.2,-21.5899746865582
19.3,-21.8862381495081
19.4,-22.2718348581876
19.5,-22.7511929860383
19.6,-23.3299321401943
19.7,-24.0145981658426
19.8,-24.8118621291432
19.9,-25.7264504090517
20,-26.7561849742216
20.1,-27.8808066492432
20.2,-29.039240829514
20.3,-30.0939351063616
20.4,-30.8127630591769
20.5,-30.9585930788515
20.6,-30.4889845907852
20.7,-29.6008552588948
20.8,-28.544989414843
20.9,-27.4892817884603
21,-26.5143986656237
21.1,-25.6500189052096
21.2,-24.9021136993342
21.3,-24.2671100625462
21.4,-23.7383255135962
21.5,-23.3086966788297
21.6,-22.9718562321687
21.7,-22.7225003981662
21.8,-22.55646455788
21.9,-22.4706896398552
22,-22.4631579538386
22.1,-22.5328306338962
22.2,-22.6795972214554
22.3,-22.9042361842049
22.4,-23.2083755574249
22.5,-23.5944296491592
22.6,-24.0654637153593
22.7,-24.6248913390269
22.8,-25.2758154712755
22.9,-26.0196401694736
23,-26.8532363911763
23.1,-27.7633850310251
23.2,-28.7166655770818
23.3,-29.6439304446448
23.4,-30.4258708138942
23.5,-30.9049125432543
23.6,-30.9550334700479
23.7,-30.5728779304137
23.8,-29.8804727603843
23.9,-29.0357336852533
24,-28.1600657236561
24.1,-27.3243943285782
24.2,-26.5631280060268
24.3,-25.8898655893002
24.4,-25.3077456893323
24.5,-24.8151577544694
24.6,-24.4086557109465
24.7,-24.0843793804369
24.8,-23.8387197156875
24.9,-23.6686108763672
25,-23.5716422635926
25.1,-23.5460862390673
25.2,-23.590887634719
25.3,-23.705635083529
25.4,-23.8905189506262
25.5,-24.1462690935353
25.6,-24.4740528798076
25.7,-24.8752948448592
25.8,-25.3513471688195
25.9,-25.90288405313
26,-26.5287975059435
26.1,-27.2242217439593
26.2,-27.9771243881565
26.3,-28.7628349043162
26.4,-29.5365332090956
26.5,-30.2265055113101
26.6,-30.7370468621892
26.7,-30.9738551847909
26.8,-30.8894287649402
26.9,-30.512640079976
27,-29.9301431109765
27.1,-29.2405646536371
27.2,-28.5224818607573
27.3,-27.8268703022109
27.4,-27.1825143734383
27.5,-26.6037705057939
27.6,-26.0966149328553
27.7,-25.6625177047951
27.8,-25.3007141421024
27.9,-25.0094767285059
28,-24.7868065204309
28.1,-24.6307984317632
28.2,-24.5398259734461
28.3,-24.5126260999662
28.4,-24.5483272600795
28.5,-24.6464416653581
28.6,-24.8068286765882
28.7,-25.0296253103357
28.8,-25.3151287555686
28.9,-25.66360132858
29,-26.0749469414502
29.1,-26.5481757656011
29.2,-27.0805268863725
29.3,-27.6660605570283
29.4,-28.2934904434596
29.5,-28.9431007913793
29.6,-29.5830315703274
29.7,-30.1664313931662
29.8,-30.6330890708831
29.9,-30.9203930258154
30,-30.9841353155959
30.1,-30.8184296963207
30.2,-30.4586194043851
30.3,-29.9644961033553
30.4,-29.3981927056391
30.5,-28.8102917033801
30.6,-28.2361637750123
30.7,-27.6980730381429
30.8,-27.208877020789
30.9,-26.7753298147178
31,-26.4004773638532
31.1,-26.0852340490902
31.2,-25.8293680943519
31.3,-25.6320984489316
31.4,-25.4924474440617
31.5,-25.4094426741752
31.6,-25.3822254670827
31.7,-25.4100994581418
31.8,-25.492537124103
31.9,-25.6291512672096
32,-25.8196298438121
32.1,-26.0636242823828
32.2,-26.3605719371506
32.3,-26.7094212053146
32.4,-27.1082122722247
32.5,-27.553448449038
32.6,-28.0391789262082
32.7,-28.5557226913822
32.8,-29.0880407971521
32.9,-29.6139944363788
33,-30.1032083209265
33.1,-30.5179512535374
33.2,-30.8178092910974
33.3,-30.9687491898835
33.4,-30.9537799316407
33.5,-30.7792366007493
33.6,-30.4722983197662
33.7,-30.0715363561283
33.8,-29.6165157142924
33.9,-29.1410170935776
34,-28.6706131289512
34.1,-28.2230909955291
34.2,-27.8100405227634
34.3,-27.4385805153212
34.4,-27.1127995894633
34.5,-26.8348238704898
34.6,-26.6055586452525
34.7,-26.4251835799589
34.8,-26.2934739492668
34.9,-26.2100028005569
35,-26.1742620773398
35.1,-26.1857273390142
35.2,-26.2438807543859
35.3,-26.3481995890982
35.4,-26.4981114540708
35.5,-26.692912279536
35.6,-26.9316376716639
35.7,-27.2128726129816
35.8,-27.5344785100041
35.9,-27.8932115905903
36,-28.2842061184125
36.1,-28.7003076855024
36.2,-29.1312808084891
36.3,-29.5630036821392
36.4,-29.9769220998002
36.5,-30.3502488777063
36.6,-30.6575446301535
36.7,-30.8741275794046
36.8,-30.9809571596142
36.9,-30.9694096947148
37,-30.843702375576
37.1,-30.6196316415657
37.2,-30.3203336573006
37.3,-29.9712015837473
37.4,-29.5958872833797
37.5,-29.2141354309111
37.6,-28.841194265307
37.7,-28.4881752061835
37.8,-28.1628078167475
37.9,-27.8702501354503
38,-27.6137970136396
38.1,-27.3954395156367
38.2,-27.2162811065747
38.3,-27.0768351377814
38.4,-26.9772306129526
38.5,-26.9173493069341
38.6,-26.896911744964
38.7,-26.9155242299903
38.8,-26.9726945774842
38.9,-27.0678204697033
39,-27.2001511813632
39.1,-27.3687206569779
39.2,-27.572247431723
39.3,-27.8089947722372
39.4,-28.0765831117629
39.5,-28.3717474128697
39.6,-28.6900365350122
39.7,-29.0254634009653
39.8,-29.3701384969687
39.9,-29.7139597084214
40,-30.0444886685022
40.1,-30.3472033105463
40.2,-30.6063374232067
40.3,-30.8064336748466
40.4,-30.9344927838727
40.5,-30.9822439081963
40.6,-30.9477957050093
40.7,-30.8360151216136
40.8,-30.6574721178316
40.9,-30.4263888255394
41,-30.1583439198003
41.1,-29.8683735225686
41.2,-29.5697654582928
41.3,-29.2735255179525
41.4,-28.988330646354
41.5,-28.72075982985
41.6,-28.4756402432443
41.7,-28.2564078161289
41.8,-28.065431104369
41.9,-27.904279302557
42,-27.7739325614544
42.1,-27.6749405514069
42.2,-27.6075376062791
42.3,-27.5717225143258
42.4,-27.5673096423074
42.5,-27.5939563761439
42.6,-27.6511701908128
42.7,-27.7382971592097
42.8,-27.8544924176615
42.9,-27.9986720546589
43,-28.1694451508834
43.1,-28.3650244369485
43.2,-28.5831145625359
43.3,-28.820778804401
43.4,-29.0742889384076
43.5,-29.3389699011565
43.6,-29.6090616021449
43.7,-29.8776348184342
43.8,-30.1366143411667
43.9,-30.3769743398484
44,-30.5891671838771
44.1,-30.7638139401362
44.2,-30.8926145123286
44.3,-30.9693394969599
44.4,-30.9906839425879
44.5,-30.9567497930127
44.6,-30.8710099176602
44.7,-30.7397647483055
44.8,-30.5712550543537
44.9,-30.3746677649743
45,-30.1592467662164
45.1,-29.9336338431856
45.2,-29.7054707226054
45.3,-29.4812276469781
45.4,-29.2661953900277
45.5,-29.0645766923433
45.6,-28.8796260057539
45.7,-28.7138027245775
45.8,-28.5689172519743
45.9,-28.4462595138396
46,-28.3467060687851
46.1,-28.2708056568853
46.2,-28.2188448218808
46.3,-28.1908958786966
46.4,-28.1868494964201
46.5,-28.2064338520886
46.6,-28.249221876362
46.7,-28.3146276705145
46.8,-28.4018927938809
46.9,-28.5100628543659
47,-28.6379547374469
47.1,-28.7841149540963
47.2,-28.9467700746233
47.3,-29.1237711713197
47.4,-29.3125357615256
47.5,-29.5099930445796
47.6,-29.7125412761545
47.7,-29.9160296926047
47.8,-30.1157808228512
47.9,-30.3066710254278
48,-30.4832857382344
48.1,-30.6401590277758
48.2,-30.7720930910843
48.3,-30.8745331807769
48.4,-30.9439514271698
48.5,-30.978177172564
48.6,-30.9766103743398
48.7,-30.9402728563132
48.8,-30.8716859896937
48.9,-30.7746013221554
49,-30.6536391248962
49.1,-30.5139000958473
49.2,-30.3606074487528
49.3,-30.1988171479214
49.4,-30.0332120050001
49.5,-29.8679774253181
49.6,-29.7067456147055
49.7,-29.5525906887633
49.8,-29.4080574271203
49.9,-29.2752092174238
50,-29.1556843620235
50.1,-29.0507533657013
50.2,-28.9613726277193
50.3,-28.8882320215706
50.4,-28.8317952380149
50.5,-28.7923326348215
50.6,-28.7699468280161
50.7,-28.7645914997095
50.8,-28.7760839828851
50.9,-28.8041121834614
51,-28.8482363637429
51.1,-28.9078862743361
51.2,-28.9823541105794
51.3,-29.0707838070448
51.4,-29.1721572905182
51.5,-29.2852785079591
51.6,-29.4087563490439
51.7,-29.5409880045288
51.8,-29.6801448394157
51.9,-29.8241634857049
52,-29.9707455042496
52.1,-30.1173695027161
52.2,-30.2613198335729
52.3,-30.3997356791604
52.4,-30.5296831864927
52.5,-30.6482511316637
52.6,-30.7526673495431
52.7,-30.8404291584813
52.8,-30.9094369418497
52.9,-30.9581169536564
53,-30.9855184040318
53.1,-30.9913717216976
53.2,-30.9760996098844
53.3,-30.9407792229346
53.4,-30.8870609118737
53.5,-30.8170547890675
53.6,-30.7331995863061
53.7,-30.6381285303166
53.8,-30.5345447016816
53.9,-30.4251145862092
54,-30.3123843859813
54.1,-30.1987200051231
54.2,-30.086268944647
54.3,-29.9769407427177
54.4,-29.8724019404559
54.5,-29.7740815816383
54.6,-29.6831836979631
54.7,-29.6007038673116
54.8,-29.5274476049442
54.9,-29.4640489643563
55,-29.4109882418509
55.1,-29.3686080855071
55.2,-29.3371276125384
55.3,-29.3166543552779
55.4,-29.3071940040135
55.5,-29.3086580126261
55.6,-29.3208691960922
55.7,-29.3435654902299
55.8,-29.3764020737828
55.9,-29.4189520789462
56,-29.4707061447528
56.1,-29.5310711027484
56.2,-29.5993681289867
56.3,-29.6748307518675
56.4,-29.756603171104
56.5,-29.8437394161096
56.6,-29.9352039462117
56.7,-30.0298743604984
56.8,-30.1265469277553
56.9,-30.2239456487972
57,-30.3207355035367
57.1,-30.4155403919119
57.2,-30.5069660336856
57.3,-30.5936277391191
57.4,-30.6741825089339
57.5,-30.7473643983549
57.6,-30.8120215419429
57.7,-30.8671527610054
57.8,-30.9119413528588
57.9,-30.945783574362
58,-30.9683095366946
58.1,-30.9793947332378
58.2,-30.9791611795569
58.3,-30.9679680531047
58.4,-30.9463926462037
58.5,-30.9152032511169
58.6,-30.8753261693927
58.7,-30.8278093173034
58.8,-30.7737848806154
58.9,-30.7144332010759
59,-30.6509496324922
59.1,-30.5845155758142
59.2,-30.5162743719818
59.3,-30.4473122600251
59.4,-30.3786442326549
59.5,-30.3112043557205
59.6,-30.2458399569109
59.7,-30.1833090171868
59.8,-30.1242800948169
59.9,-30.0693341553039
60,-30.0189677521092
60.1,-29.9735970879751
60.2,-29.9335625739907
60.3,-29.8991335862616
60.4,-29.8705131941003
60.5,-29.8478426972611
60.6,-29.8312058626643
60.7,-29.8206327939916
60.8,-29.816103401723
60.9,-29.8175504680476
61,-29.8248623220627
61.1,-29.8378851570867
61.2,-29.8564250348999
61.3,-29.8802496322039
61.4,-29.9090897932689
61.5,-29.9426409600703
61.6,-29.980564557481
61.7,-30.0224894163056
61.8,-30.068013320965
61.9,-30.1167047711088
62,-30.1681050468198
62.1,-30.221730664709
62.2,-30.277076306314
62.3,-30.3336182900195
62.4,-30.3908186424752
62.5,-30.4481298046633
62.6,-30.5049999811258
62.7,-30.560879108646
62.8,-30.6152253837121
62.9,-30.6675122479135
63,-30.717235689253
63.1,-30.7639216781302
63.2,-30.8071335228128
63.3,-30.8464789041416
63.4,-30.8816163363299
63.5,-30.9122608026773
63.6,-30.9381883333631
63.7,-30.9592393272538
63.8,-30.9753204692677
63.9,-30.9864051560522
64,-30.9925324109973
64.1,-30.993804339548
64.2,-30.9903822417972
64.3,-30.9824815563374
64.4,-30.9703658532704
64.5,-30.954340122568
64.6,-30.9347436157277
64.7,-30.911942494606
64.8,-30.8863225234796
64.9,-30.8582820117943
65,-30.8282251791922
65.1,-30.7965560748028
65.2,-30.7636731426488
65.3,-30.7299644870135
65.4,-30.6958038576927
65.5,-30.661547346447
65.6,-30.6275307632469
65.7,-30.5940676440958
65.8,-30.5614478309349
65.9,-30.5299365577166
66,-30.4997739743889
66.1,-30.471175041398
66.2,-30.4443297305893
66.3,-30.4194034733111
66.4,-30.3965378024892
66.5,-30.3758511419165
66.6,-30.3574397025955
66.7,-30.3413784523973
66.8,-30.3277221313397
66.9,-30.3165062903301
67,-30.3077483361798
67.1,-30.3014485700584
67.2,-30.297591210323
67.3,-30.2961453938502
67.4,-30.2970661526653
67.5,-30.300295364836
67.6,-30.3057626803405
67.7,-30.3133864239596
67.8,-30.3230744782398
67.9,-30.3347251502536
68,-30.3482280262874
68.1,-30.3634648187405
68.2,-30.3803102094507
68.3,-30.3986326933884
68.4,-30.4182954262116
68.5,-30.4391570785566
68.6,-30.46107269918
68.7,-30.483894588183
68.8,-30.5074731805589
68.9,-30.5316579392342
69,-30.5562982556472
69.1,-30.5812443547564
69.2,-30.6063482002248
69.3,-30.6314643944214
69.4,-30.6564510668538
69.5,-30.6811707437353
69.6,-30.7054911906317
69.7,-30.7292862195609
69.8,-30.7524364515699
69.9,-30.7748300257058
70,-30.7963632454516
70.1,-30.8169411541305
70.2,-30.8364780314731
70.3,-30.8548978045052
70.4,-30.8721343671013
70.5,-30.8881318039462
70.6,-30.9028445162022
70.7,-30.9162372478444
70.8,-30.928285013351
70.9,-30.9389729291553
71,-30.9482959529318
71.1,-30.9562585363403
71.2,-30.9628741982432
71.3,-30.968165026607
71.4,-30.9721611182541
71.5,-30.9748999663444
71.6,-30.9764258059092
71.7,-30.9767889279454
71.8,-30.9760449725122
71.9,-30.9742542109754
72,-30.9714808270397
72.1,-30.9677922055355
72.2,-30.9632582371077
72.3,-30.9579506460367
72.4,-30.9519423474333
72.5,-30.9453068390293
72.6,-30.9381176317612
72.7,-30.9304477223482
72.8,-30.9223691101098
72.9,-30.9139523593883
73,-30.9052662081303
73.1,-30.8963772224665
73.2,-30.8873494965039
73.3,-30.8782443960141
73.4,-30.8691203442693
73.5,-30.8600326479274
73.6,-30.8510333606087
73.7,-30.8421711816213
73.8,-30.8334913871735
73.9,-30.8250357913571
74,-30.81684273418
74.1,-30.8089470939632
74.2,-30.8013803214934
74.3,-30.7941704934213
74.4,-30.787342382518
74.5,-30.7809175425417
74.6,-30.7749144056111
74.7,-30.7693483901357
74.8,-30.7642320175098
74.9,-30.7595750359253
75,-30.7553845498125
75.1,-30.7516651535585
75.2,-30.7484190682898
75.3,-30.7456462806343
75.4,-30.7433446824973
75.5,-30.7415102109969
75.6,-30.7401369878035
75.7,-30.7392174572247
75.8,-30.7387425224551
75.9,-30.7387016794913
76,-30.7390831482762
76.1,-30.739874000699
76.2,-30.7410602851298
76.3,-30.7426271472177
76.4,-30.74455894672
76.5,-30.746839370171
76.6,-30.7494515392295
76.7,-30.7523781145749
76.8,-30.7556013952474
76.9,-30.7591034133496
77,-30.7628660240509
77.1,-30.7668709908519
77.2,-30.7711000660838
77.3,-30.7755350666352
77.4,-30.7801579449114
77.5,-30.7849508550451
77.6,-30.7898962143924
77.7,-30.794976760358
77.8,-30.8001756026048
77.9,-30.8054762707187
78,-30.8108627574047
78.1,-30.8163195573048
78.2,-30.8218317015377
78.3,-30.8273847880686
78.4,-30.8329650080299
78.5,-30.8385591681192
78.6,-30.8441547092123
78.7,-30.8497397213356
78.8,-30.8553029551508
78.9,-30.860833830111
79,-30.8663224394537
79.1,-30.8717595522019
79.2,-30.8771366123506
79.3,-30.8824457354177
79.4,-30.8876797025435
79.5,-30.8928319523251
79.6,-30.8978965705744
79.7,-30.902868278187
79.8,-30.9077424173127
79.9,-30.9125149360162
80,-30.9171823716141
100,-30.8940498484653
100.1,-30.8901520645633
100.2,-30.8861470000042
100.3,-30.8820381303922
100.4,-30.8778295050888
100.5,-30.8735257645872
100.6,-30.8691321565703
100.7,-30.8646545504666
100.8,-30.8600994503149
100.9,-30.8554740057465
101,-30.8507860208962
101.1,-30.8460439610509
101.2,-30.8412569568493
101.3,-30.8364348058447
101.4,-30.8315879712491
101.5,-30.8267275776791
101.6,-30.8218654037283
101.7,-30.8170138711976
101.8,-30.8121860308198
101.9,-30.8073955443221
102,-30.8026566626771
102.1,-30.7979842004019
102.2,-30.7933935057717
102.3,-30.7889004268253
102.4,-30.7845212730473
102.5,-30.7802727726243
102.6,-30.7761720251792
102.7,-30.7722364499025
102.8,-30.7684837290063
102.9,-30.7649317464422
103,-30.7615985218335
103.1,-30.7585021395848
103.2,-30.7556606731481
103.3,-30.7530921044344
103.4,-30.7508142383773
103.5,-30.7488446126715
103.6,-30.7472004027243
103.7,-30.7458983218808
103.8,-30.7449545170008
103.9,-30.7443844594935
104,-30.7442028319387
104.1,-30.7444234104567
104.2,-30.7450589430201
104.3,-30.7461210239396
104.4,-30.7476199648011
104.5,-30.7495646621763
104.6,-30.7519624624874
104.7,-30.7548190244651
104.8,-30.7581381797107
104.9,-30.7619217919479
105,-30.7661696156362
105.1,-30.7708791547113
105.2,-30.7760455223228
105.3,-30.7816613025492
105.4,-30.7877164151942
105.5,-30.7941979848983
105.6,-30.801090215939
105.7,-30.8083742742371
105.8,-30.8160281782408
105.9,-30.8240267005147
106,-30.8323412820156
106.1,-30.8409399611959
106.2,-30.8497873202224
106.3,-30.8588444507389
106.4,-30.8680689417244
106.5,-30.8774148921023
106.6,-30.8868329508278
106.7,-30.8962703872196
106.8,-30.9056711942955
106.9,-30.9149762278105
107,-30.9241233835772
107.1,-30.9330478154534
107.2,-30.9416821961164
107.3,-30.9499570223827
107.4,-30.9578009663882
107.5,-30.9651412734004
107.6,-30.9719042063909
107.7,-30.9780155367667
107.8,-30.9834010798275
107.9,-30.9879872726175
108,-30.9917017908626
108.1,-30.994474200671
108.2,-30.9962366396284
108.3,-30.996924520887
108.4,-30.9964772528422
108.5,-30.9948389660648
108.6,-30.9919592383338
108.7,-30.9877938079393
108.8,-30.9823052649286
108.9,-30.9754637096835
109,-30.9672473681709
109.1,-30.9576431534174
109.2,-30.9466471632391
109.3,-30.9342651049988
109.4,-30.9205126391647
109.5,-30.90541563468
109.6,-30.8890103305843
109.7,-30.8713433999256
109.8,-30.8524719137019
109.9,-30.8324632043281
110,-30.8113946298752
110.1,-30.7893532420175
110.2,-30.7664353621904
110.3,-30.7427460718674
110.4,-30.7183986240486
110.5,-30.6935137840078
110.6,-30.6682191080193
110.7,-30.6426481691981
110.8,-30.6169397397125
110.9,-30.5912369384926
111,-30.565686353178
111.1,-30.5404371444431
111.2,-30.5156401400512
111.3,-30.4914469250479
111.4,-30.4680089334516
111.5,-30.4454765456713
111.6,-30.4239981947184
111.7,-30.403719483113
111.8,-30.3847823112471
111.9,-30.3673240168947
112,-30.3514765245642
112.1,-30.3373655025061
112.2,-30.3251095244345
112.3,-30.3148192324124
112.4,-30.3065964969063
112.5,-30.3005335697567
112.6,-30.2967122257498
112.7,-30.2952028886433
112.8,-30.2960637379079
112.9,-30.2993397931406
113,-30.3050619741004
113.1,-30.3132461356672
113.2,-30.3238920787576
113.3,-30.3369825404029
113.4,-30.3524821688422
113.5,-30.3703364926564
113.6,-30.3904708967038
113.7,-30.4127896219353
113.8,-30.4371748110783
113.9,-30.4634856276503
114,-30.4915574817267
114.1,-30.5212014022202
114.2,-30.5522036019173
114.3,-30.5843252878921
114.4,-30.6173027757578
114.5,-30.6508479710479
114.6,-30.6846492841906
114.7,-30.7183730463539
114.8,-30.7516654910723
114.9,-30.7841553601994
115,-30.8154571815772
115.1,-30.8451752492216
115.2,-30.8729083144355
115.3,-30.8982549680853
115.4,-30.9208196608911
115.5,-30.9402192711908
115.6,-30.9560900901574
115.7,-30.9680950554782
115.8,-30.9759310291903
115.9,-30.9793358871753
116,-30.978095170161
116.1,-30.9720480419116
116.2,-30.9610923116356
116.3,-30.945188305223
116.4,-30.9243614128778
116.5,-30.8987031965653
116.6,-30.8683710054982
116.7,-30.8335861166504
116.8,-30.7946304845577
116.9,-30.7518422451297
117,-30.7056101673805
117.1,-30.656367281681
117.2,-30.6045839317181
117.3,-30.5507604998205
117.4,-30.4954200431304
117.5,-30.4391010538356
117.6,-30.3823505235666
117.7,-30.3257174536065
117.8,-30.2697469120603
117.9,-30.2149746994758
118,-30.1619226478098
118.1,-30.1110945456411
118.2,-30.0629726559725
118.3,-30.0180147721172
118.4,-29.9766517418147
118.5,-29.9392853793609
118.6,-29.9062866794473
118.7,-29.8779942438245
118.8,-29.8547128320713
118.9,-29.8367119500076
119,-29.8242243931174
119.1,-29.8174446673898
119.2,-29.816527216088
119.3,-29.8215843881595
119.4,-29.8326840925504
119.5,-29.8498470930803
119.6,-29.8730439114449
119.7,-29.9021913222956
119.8,-29.937148445331
119.9,-29.9777124662625
120,-30.0236140528463
120.1,-30.0745125753552
120.2,-30.1299912941592
120.3,-30.1895527412305
120.4,-30.2526145971691
120.5,-30.3185064490034
120.6,-30.3864679025022
120.7,-30.4556486089302
120.8,-30.5251108391682
120.9,-30.5938352827858
121,-30.6607307469309
121.1,-30.724648358196
121.2,-30.7844007087079
121.3,-30.8387861194656
121.4,-30.8866178146317
121.5,-30.926757323486
121.6,-30.9581508891284
121.7,-30.9798671272427
121.8,-30.9911337273759
121.9,-30.9913707144634
122,-30.9802177696912
122.1,-30.9575533939213
122.2,-30.9235042791279
122.3,-30.8784440704621
122.4,-30.8229816404066
122.5,-30.7579399165757
122.6,-30.6843270698371
122.7,-30.6033023775916
122.8,-30.5161392800871
122.9,-30.4241880553866
123,-30.3288402083451
123.1,-30.2314961856151
123.2,-30.1335374829626
123.3,-30.0363036815934
123.4,-29.9410744927043
123.5,-29.8490565345806
123.6,-29.7613743222012
123.7,-29.6790648070031
123.8,-29.6030747460776
123.9,-29.5342601837814
124,-29.4733873732478
124.1,-29.4211345323507
124.2,-29.3780939041954
124.3,-29.344773666337
124.4,-29.3215992995539
124.5,-29.3089140831537
124.6,-29.3069784288921
124.7,-29.3159678009922
124.8,-29.3359689984077
124.9,-29.3669746017897
125,-29.4088754176338
125.1,-29.4614507936768
125.2,-29.5243567429431
125.3,-29.5971119116574
125.4,-29.6790815740599
125.5,-29.7694600527803
125.6,-29.8672522654079
125.7,-29.9712555021303
125.8,-30.0800430528369
125.9,-30.1919519133321
126,-30.3050774654277
126.1,-30.4172786526035
126.2,-30.5261976071094
126.3,-30.6292977054891
126.4,-30.7239233716398
126.5,-30.8073833565616
126.6,-30.8770565646949
126.7,-30.9305158803399
126.8,-30.9656613519234
126.9,-30.980850380952
127,-30.9750103352512
127.1,-30.9477192564692
127.2,-30.8992435193577
127.3,-30.8305270337824
127.4,-30.743133619957
127.5,-30.6391508280809
127.6,-30.5210681542635
127.7,-30.3916444462427
127.8,-30.2537783137333
127.9,-30.1103923135741
128,-29.9643376624075
128.1,-29.8183222628221
128.2,-29.6748616077009
128.3,-29.5362499525481
128.4,-29.4045479980081
128.5,-29.2815829987058
128.6,-29.1689574402718
128.7,-29.0680629533848
128.8,-28.9800967698494
128.9,-28.9060786452845
129,-28.8468667066104
129.1,-28.8031711016521
129.2,-28.7755646299197
129.3,-28.764489729066
129.4,-28.7702612980471
129.5,-28.7930648752846
129.6,-28.8329496787466
129.7,-28.889815977223
129.8,-28.9633962249557
129.9,-29.0532293904706
130,-29.1586279942834
130.1,-29.2786376089923
130.2,-29.4119890657958
130.3,-29.5570444800498
130.4,-29.7117396045608
130.5,-29.8735270887491
130.6,-30.0393280442145
130.7,-30.2055027907475
130.8,-30.3678553240867
130.9,-30.5216888940497
131,-30.6619304196404
131.1,-30.7833371040932
131.2,-30.8807875787469
131.3,-30.9496418345744
131.4,-30.9861319445131
131.5,-30.9877258925257
131.6,-30.953398701726
131.7,-30.8837554025986
131.8,-30.780979117108
131.9,-30.6486158507995
132,-30.4912416937378
132.1,-30.314076463328
132.2,-30.1226066632095
132.3,-29.922264550503
132.4,-29.7181878765385
132.5,-29.5150645237502
132.6,-29.3170522599706
132.7,-29.1277569344235
132.8,-28.9502511314402
132.9,-28.787117349418
133,-28.6405032420469
133.1,-28.512180059821
133.2,-28.403598499327
133.3,-28.3159384796083
133.4,-28.2501509373998
133.5,-28.2069906892112
133.6,-28.1870398935307
133.7,-28.1907217897733
133.8,-28.218304292112
133.9,-28.2698927492785
134,-28.3454108016655
134.1,-28.4445678272748
134.2,-28.5668110371711
134.3,-28.7112599713584
134.4,-28.876621150852
134.5,-29.0610812861415
134.6,-29.2621792399219
134.7,-29.4766606353261
134.8,-29.7003255209756
134.9,-29.9278897235478
135,-30.152894598978
135.1,-30.3677160392108
135.2,-30.5637363211883
135.3,-30.7317413126323
135.4,-30.862577069455
135.5,-30.9480347240398
135.6,-30.9818391138207
135.7,-30.9605306998452
135.8,-30.8840057255686
135.9,-30.7555523845684
136,-30.5813719389424
136.1,-30.3697305148662
136.2,-30.1299728942361
136.3,-29.8716166380104
136.4,-29.6036638865915
136.5,-29.3341730764595
136.6,-29.0700629428585
136.7,-28.8170881797243
136.8,-28.579922238598
136.9,-28.3622943495241
137,-28.1671439329106
137.1,-27.9967700511009
137.2,-27.8529642405832
137.3,-27.7371219528927
137.4,-27.6503317318704
137.5,-27.5934430965515
137.6,-27.5671146349458
137.7,-27.5718435597072
137.8,-27.607977243396
137.9,-27.6757062026373
138,-27.7750367084968
138.1,-27.905739694367
138.2,-28.0672709552072
138.3,-28.2586559171924
138.4,-28.4783308589047
138.5,-28.7239321729328
138.6,-28.9920276226769
138.7,-29.2777913056307
138.8,-29.5746413754563
138.9,-29.8738916224204
139,-30.1645179939028
139.1,-30.433203215855
139.2,-30.6648700884029
139.3,-30.8438902946792
139.4,-30.9559912576093
139.5,-30.9905632988933
139.6,-30.9427218578288
139.7,-30.8143685895755
139.8,-30.613809608628
139.9,-30.3540942383729
140,-30.0507323175806
140.1,-29.719535510242
140.2,-29.3750596165874
140.3,-29.029764566855
140.4,-28.6937638388871
140.5,-28.3749508704945
140.6,-28.079311799137
140.7,-27.811293961033
140.8,-27.5741571060308
140.9,-27.3702748998664
141,-27.2013780588709
141.1,-27.068742161586
141.2,-26.9733275946453
141.3,-26.9158796200112
141.4,-26.8969952263751
141.5,-26.9171612969024
141.6,-26.9767661279089
141.7,-27.0760835571805
141.8,-27.2152258012285
141.9,-27.3940573594746
142,-27.6120578291597
142.1,-27.8681161803489
142.2,-28.1602335197586
142.3,-28.4851075271859
142.4,-28.8375743105017
142.5,-29.2099022952299
142.6,-29.5909854288482
142.7,-29.9655931008516
142.8,-30.3140158774242
142.9,-30.6126579473367
143,-30.8361995404695
143.1,-30.9615809543142
143.2,-30.9730617456232
143.3,-30.8664382508177
143.4,-30.6502990019469
143.5,-30.3436149853438
143.6,-29.9709887146708
143.7,-29.5577914220394
143.8,-29.1267628388034
143.9,-28.696430326783
144,-28.2809046218615
144.1,-27.8904203081099
144.2,-27.5321365490026
144.3,-27.2109264600231
144.4,-26.9300420238935
144.5,-26.6916299374127
144.6,-26.4971128022956
144.7,-26.34746196725
144.8,-26.2433878798173
144.9,-26.1854688656478
145,-26.1742333327927
145.1,-26.2102047249711
145.2,-26.2939132521986
145.3,-26.4258731297556
145.4,-26.6065181024686
145.5,-26.8360805653965
145.6,-27.1143896108291
145.7,-27.4405499003277
145.8,-27.8124462753196
145.9,-28.2260013459837
146,-28.6741058944061
146.1,-29.1451741500823
146.2,-29.6214106272358
146.3,-30.0772120077959
146.4,-30.4787340744335
146.5,-30.7863129165576
146.6,-30.961260954148
146.7,-30.9763079399031
146.8,-30.8250985990294
146.9,-30.5246865524332
147,-30.1092171890144
147.1,-29.6192171322431
147.2,-29.0924995747253
147.3,-28.5594851809062
147.4,-28.0423298962364
147.5,-27.556072768965
147.6,-27.1103865554531
147.7,-26.711210760169
147.8,-26.3620304747078
147.9,-26.0647948278394
148,-25.8205460192638
148.1,-25.6298385435069
148.2,-25.4930138680401
148.3,-25.4103777114687
148.4,-25.382311440003
148.5,-25.4093369491029
148.6,-25.4921448819484
148.7,-25.6315877790884
148.8,-25.8286311548187
148.9,-26.0842446343182
149,-26.3991996413474
149.1,-26.7737163180446
149.2,-27.2068663692136
149.3,-27.6955878887769
149.4,-28.2331102949654
149.5,-28.8065633657898
149.6,-29.393683616344
149.7,-29.9591312894456
149.8,-30.4524068594672
149.9,-30.8115222844325
150,-30.9768589945905
150.1,-30.9131879512771
150.2,-30.6263729738768
150.3,-30.1604785564022
150.4,-29.5779429351972
150.5,-28.9388490095776
150.6,-28.2899827246864
150.7,-27.6631849122477
150.8,-27.078176716511
150.9,-26.5462595486427
151,-26.0733901422296
151.1,-25.6623450338605
151.2,-25.314127320876
151.3,-25.0288440147862
151.4,-24.8062417481748
151.5,-24.6460307638918
151.6,-24.5480804028914
151.7,-24.5125369909155
151.8,-24.5398937041801
151.9,-24.6310275465435
152,-24.7872074651198
152.1,-25.0100667383254
152.2,-25.3015186598189
152.3,-25.6635724543884
152.4,-26.0979687807623
152.5,-26.6054891570431
152.6,-27.1846846037418
152.7,-27.8296034203559
152.8,-28.5259126254227
152.9,-29.244836856666
153,-29.9353662108137
153.1,-30.5188027757737
153.2,-30.8962929530355
153.3,-30.9809327790206
153.4,-30.7437589760396
153.5,-30.2324249051251
153.6,-29.5414935475966
153.7,-28.7668712146521
153.8,-27.9803649204935
153.9,-27.2268130067373
154,-26.5308705072948
154.1,-25.9045448959737
154.2,-25.3526779725696
154.3,-24.8763577944279
154.4,-24.474894494834
154.5,-24.1469237944704
154.6,-23.89101176845
154.7,-23.705983606058
154.8,-23.5911033280918
154.9,-23.5461752607484
155,-23.5716058420074
155.1,-23.6684452869712
155.2,-23.8384158354276
155.3,-24.0839217484265
155.4,-24.4080209570926
155.5,-24.8143121756087
155.6,-25.3066416610412
155.7,-25.8884364490768
155.8,-26.5612812103919
155.9,-27.3220036365909
156,-28.156966423927
156.1,-29.0317337206857
156.2,-29.8754096760598
156.3,-30.56675962354
156.4,-30.9482224029967
156.5,-30.8981180837765
156.6,-30.4197913818917
156.7,-29.6389080370726
156.8,-28.712694212835
156.9,-27.7602970939515
157,-26.850839243847
157.1,-26.0177699236002
157.2,-25.2743467315396
157.3,-24.6237319988078
157.4,-24.0645470613153
157.5,-23.5937075361388
157.6,-23.2078133176081
157.7,-22.9038090475195
157.8,-22.6792878781535
157.9,-22.5326276285757
158,-22.463054693349
158.1,-22.4706838814409
158.2,-22.5565583140956
158.3,-22.7227002585336
158.4,-22.9721741690268
158.5,-23.3091514900759
158.6,-23.7389451758611
158.7,-24.2679354458419
158.8,-24.9032043386722
158.9,-25.651461766924
159,-26.5163206665575
159.1,-27.4918645142141
159.2,-28.5484743934966
159.3,-29.6054974993305
159.4,-30.4948639691545
159.5,-30.9652799440265
159.6,-30.8192924853277
159.7,-30.099463849976
159.8,-29.0435283933413
159.9,-27.8840184825227
160,-26.7585826980585
160.1,-25.7282580549122
160.2,-24.8132432007468
160.3,-24.0156662447759
160.4,-23.3307653788624
160.5,-22.7518454283406
160.6,-22.2723441832236
160.7,-21.8866307483232
160.8,-21.5902689444205
160.9,-21.380070000735
161,-21.2540776108756
161.1,-21.2115490106656
161.2,-21.2529612839692
161.3,-21.3800574884677
161.4,-21.5959409307873
161.5,-21.9052217766702
161.6,-22.3142124620964
161.7,-22.831147064219
161.8,-23.4663410123866
161.9,-24.2320492035534
162,-25.1413571943156
162.1,-26.2043131393005
162.2,-27.4166108805871
162.3,-28.7297697182962
162.4,-29.9859669207845
162.5,-30.8420657585212
162.6,-30.8859123882502
162.7,-30.0635655596184
162.8,-28.7512139589433
162.9,-27.3281171162501
163,-25.9858160905972
163.1,-24.7887318385333
163.2,-23.747089640197
163.3,-22.8526912257478
163.4,-22.092853301975
163.5,-21.4552837420264
163.6,-20.9295624446164
163.7,-20.5074191113354
163.8,-20.1826258917659
163.9,-19.950805420504
164,-19.8092619398192
164.1,-19.756872573713
164.2,-19.794051913412
164.3,-19.9227975346618
164.4,-20.1468260929001
164.5,-20.4718148039107
164.6,-20.9057683313574
164.7,-21.4595301938916
164.8,-22.1474319854735
164.9,-22.987962886089
165,-24.003950703103
165.1,-25.2204250612079
165.2,-26.653930347374
165.3,-28.2732327022132
165.4,-29.8809878713766
165.5,-30.912171146688
165.6,-30.6662715074915
165.7,-29.2835647105502
165.8,-27.5126547427043
165.9,-25.8096095619931
166,-24.3101409191725
166.1,-23.0261594602957
166.2,-21.9370242873037
166.3,-21.0179696381172
166.4,-20.2474561544498
166.5,-19.6083799833184
166.6,-19.0876798930962
166.7,-18.6756625786042
166.8,-18.3654046454659
166.9,-18.1523071474167
167,-18.0338017405929
167.1,-18.0091935547393
167.2,-18.0796310721914
167.3,-18.248204814489
167.4,-18.5201916931561
167.5,-18.9034812945941
167.6,-19.4092461676118
167.7,-20.0529509868908
167.8,-20.8558250801489
167.9,-21.8468886891368
168,-23.0652446214053
168.1,-24.5603591674452
168.2,-26.3786594659943
168.3,-28.4827217069598
168.4,-30.4210983715615
168.5,-30.8836875480736
168.6,-29.3146123612922
168.7,-27.030898172137
168.8,-24.9025434619416
168.9,-23.101175679574
169,-21.6021250771525
169.1,-20.3538807070146
169.2,-19.3121095151207
169.3,-18.4433004895474
169.4,-17.7228992063565
169.5,-17.1330686971242
169.6,-16.6609614000782
169.7,-16.2975166733183
169.8,-16.0366616468442
169.9,-15.8748071684862
170,-15.8105664933626
170.1,-15.844656958683
170.2,-15.9799727400821
170.3,-16.2218439360816
170.4,-16.5785297594117
170.5,-17.0620404491772
170.6,-17.6894582147864
170.7,-18.485056577656
170.8,-19.4837351913049
170.9,-20.73659729017
171,-22.3195093509495
171.1,-24.341744857061
171.2,-26.9173374840657
171.3,-29.8056335027413
171.4,-30.8932516473594
171.5,-28.5200620256534
171.6,-25.445362080783
171.7,-22.8798205692859
171.8,-20.8324134561588
171.9,-19.1798012355156
172,-17.8256272975288
172.1,-16.7044916554308
172.2,-15.772232291686
172.3,-14.998519485111
172.4,-14.3621988221829
172.5,-13.8484342326743
172.6,-13.4469449892718
172.7,-13.1509149516451
172.8,-12.9563337668762
172.9,-12.8616369352393
173,-12.8675773075313
173.1,-12.9773060851916
173.2,-13.1966810656857
173.3,-13.5348662970687
173.4,-14.0053570696784
173.5,-14.6276870917133
173.6,-15.4303136899454
173.7,-16.4556767751113
173.8,-17.7695389025118
173.9,-19.4792715982947
174,-21.7709806388451
174.1,-24.9704231378274
174.2,-29.2704461467897
174.3,-30.3847452379595
174.4,-25.8699713404477
174.5,-21.9816369317348
174.6,-19.1330491477747
174.7,-16.9540577816165
174.8,-15.2197890384008
174.9,-13.8024854217389
175,-12.6253642362825
175.1,-11.6396047593829
175.2,-10.8127987741056
175.3,-10.1228149337778
175.4,-9.55435678303808
175.5,-9.09695150836348
175.6,-8.74375167831786
175.7,-8.49083480273301
175.8,-8.33683825091789
175.9,-8.28285238742535
176,-8.33255132307415
176.1,-8.49259027513904
176.2,-8.77335943770668
176.3,-9.19028179499808
176.4,-9.76602612332038
176.5,-10.5343927110897
176.6,-11.5475241304364
176.7,-12.890404883646
176.8,-14.7134530806516
176.9,-17.3181465165606
177,-21.4355199126545
177.1,-28.9322435387009
177.2,-26.1431728907399
177.3,-19.1242008019693
177.4,-14.9186623580926
177.5,-11.9515107026821
177.6,-9.65640072700092
177.7,-7.78483300013804
177.8,-6.20707426420917
177.9,-4.84707317512675
178,-3.65647453055122
178.1,-2.6026386105002
178.2,-1.66250406471331
178.3,-0.819182209641307
178.4,-0.0599445574831172
178.5,0.625028076104574
178.6,1.24345608642318
178.7,1.80150478939647
178.8,2.30415999254878
178.9,2.75549396408229
179,3.15885782323483
179.1,3.51702323187348
179.2,3.83228832351274
179.3,4.10655785524856
179.4,4.34140439679711
179.5,4.5381152877772
179.6,4.69772869354509
179.7,4.82106112596436
179.8,4.90872811621534
179.9,4.96115923516313
180,4.97860828942877
180.1,4.96115923516313
180.2,4.90872811621535
180.3,4.82106112596437
180.4,4.6977286935451
180.5,4.53811528777723
180.6,4.34140439679714
180.7,4.1065578552486
180.8,3.83228832351271
180.9,3.51702323187352
181,3.15885782323479
181.1,2.75549396408224
181.2,2.30415999254872
181.3,1.80150478939641
181.4,1.24345608642312
181.5,0.625028076104665
181.6,-0.0599445574830175
181.7,-0.819182209641196
181.8,-1.66250406471319
181.9,-2.60263861050006
182,-3.65647453055106
182.1,-4.84707317512658
182.2,-6.20707426420896
182.3,-7.78483300013779
182.4,-9.65640072700063
182.5,-11.9515107026818
182.6,-14.9186623580921
182.7,-19.1242008019685
182.8,-26.1431728907386
182.9,-28.9322435387022
183,-21.4355199126553
183.1,-17.3181465165602
183.2,-14.7134530806513
183.3,-12.8904048836458
183.4,-11.5475241304363
183.5,-10.5343927110896
183.6,-9.7660261233203
183.7,-9.19028179499802
183.8,-8.77335943770673
183.9,-8.49259027513902
184,-8.33255132307417
184.1,-8.28285238742535
184.2,-8.33683825091788
184.3,-8.49083480273298
184.4,-8.74375167831782
184.5,-9.09695150836342
184.6,-9.55435678303801
184.7,-10.1228149337777
184.8,-10.8127987741055
184.9,-11.6396047593828
185,-12.6253642362824
185.1,-13.8024854217387
185.2,-15.2197890384006
185.3,-16.9540577816168
185.4,-19.1330491477744
185.5,-21.9816369317352
185.6,-25.8699713404482
185.7,-30.3847452379599
185.8,-29.2704461467892
185.9,-24.9704231378269
186,-21.7709806388454
186.1,-19.4792715982949
186.2,-17.769538902512
186.3,-16.4556767751115
186.4,-15.4303136899455
186.5,-14.6276870917134
186.6,-14.0053570696785
186.7,-13.5348662970688
186.8,-13.1966810656858
186.9,-12.9773060851916
187,-12.8675773075313
187.1,-12.8616369352393
187.2,-12.9563337668762
187.3,-13.1509149516451
187.4,-13.4469449892717
187.5,-13.8484342326742
187.6,-14.362198822183
187.7,-14.9985194851111
187.8,-15.7722322916861
187.9,-16.704491655431
188,-17.8256272975289
188.1,-19.1798012355157
188.2,-20.832413456159
188.3,-22.8798205692856
188.4,-25.4453620807833
188.5,-28.520062025653
188.6,-30.8932516473593
188.7,-29.8056335027416
188.8,-26.917337484066
188.9,-24.3417448570613
189,-22.3195093509497
189.1,-20.7365972901702
189.2,-19.4837351913051
189.3,-18.4850565776561
189.4,-17.6894582147865
189.5,-17.0620404491772
189.6,-16.5785297594117
189.7,-16.2218439360817
189.8,-15.9799727400821
189.9,-15.844656958683
190,-15.8105664933626
190.1,-15.8748071684863
190.2,-16.0366616468442
190.3,-16.2975166733184
190.4,-16.6609614000783
190.5,-17.1330686971241
190.6,-17.7228992063564
190.7,-18.4433004895472
190.8,-19.3121095151206
190.9,-20.3538807070144
191,-21.6021250771523
191.1,-23.1011756795737
191.2,-24.9025434619413
191.3,-27.0308981721367
191.4,-29.3146123612919
191.5,-30.8836875480735
191.6,-30.4210983715617
191.7,-28.4827217069601
191.8,-26.3786594659945
191.9,-24.5603591674455
192,-23.0652446214052
192.1,-21.8468886891367
192.2,-20.8558250801488
192.3,-20.0529509868907
192.4,-19.4092461676117
192.5,-18.9034812945941
192.6,-18.5201916931561
192.7,-18.248204814489
192.8,-18.0796310721914
192.9,-18.0091935547393
193,-18.0338017405929
193.1,-18.1523071474167
193.2,-18.3654046454658
193.3,-18.6756625786041
193.4,-19.0876798930961
193.5,-19.6083799833183
193.6,-20.2474561544497
193.7,-21.0179696381171
193.8,-21.9370242873036
193.9,-23.0261594602955
194,-24.3101409191723
194.1,-25.8096095619929
194.2,-27.5126547427041
194.3,-29.2835647105504
194.4,-30.6662715074914
194.5,-30.9121711466879
194.6,-29.8809878713764
194.7,-28.273232702213
194.8,-26.6539303473738
194.9,-25.2204250612078
195,-24.0039507031031
195.1,-22.9879628860891
195.2,-22.1474319854736
195.3,-21.4595301938916
195.4,-20.9057683313575
195.5,-20.4718148039107
195.6,-20.1468260929001
195.7,-19.9227975346618
195.8,-19.7940519134121
195.9,-19.756872573713
196,-19.8092619398192
196.1,-19.9508054205039
196.2,-20.1826258917659
196.3,-20.5074191113354
196.4,-20.9295624446163
196.5,-21.4552837420265
196.6,-22.0928533019751
196.7,-22.8526912257479
196.8,-23.7470896401971
196.9,-24.7887318385334
197,-25.9858160905973
197.1,-27.3281171162502
197.2,-28.7512139589434
197.3,-30.0635655596182
197.4,-30.8859123882501
197.5,-30.8420657585213
197.6,-29.9859669207847
197.7,-28.7297697182964
197.8,-27.4166108805873
197.9,-26.2043131393006
198,-25.1413571943157
198.1,-24.2320492035535
198.2,-23.4663410123867
198.3,-22.8311470642191
198.4,-22.3142124620965
198.5,-21.9052217766702
198.6,-21.5959409307874
198.7,-21.3800574884678
198.8,-21.2529612839692
198.9,-21.2115490106656
199,-21.2540776108756
199.1,-21.3800700007351
199.2,-21.5902689444206
199.3,-21.8866307483233
199.4,-22.2723441832236
199.5,-22.7518454283405
199.6,-23.3307653788623
199.7,-24.0156662447758
199.8,-24.8132432007466
199.9,-25.7282580549121
200,-26.7585826980583
200.1,-27.8840184825226
200.2,-29.0435283933411
200.3,-30.0994638499759
200.4,-30.8192924853276
200.5,-30.9652799440266
200.6,-30.4948639691546
200.7,-29.6054974993306
200.8,-28.5484743934968
200.9,-27.4918645142142
201,-26.5163206665574
201.1,-25.6514617669239
201.2,-24.9032043386722
201.3,-24.2679354458418
201.4,-23.738945175861
201.5,-23.3091514900758
201.6,-22.9721741690267
201.7,-22.7227002585336
201.8,-22.5565583140956
201.9,-22.4706838814409
202,-22.4630546933489
202.1,-22.5326276285757
202.2,-22.6792878781535
202.3,-22.9038090475194
202.4,-23.2078133176081
202.5,-23.5937075361388
202.6,-24.0645470613152
202.7,-24.6237319988077
202.8,-25.2743467315395
202.9,-26.0177699236001
203,-26.8508392438469
203.1,-27.7602970939513
203.2,-28.7126942128349
203.3,-29.6389080370727
203.4,-30.4197913818917
203.5,-30.8981180837766
203.6,-30.9482224029967
203.7,-30.5667596235399
203.8,-29.8754096760597
203.9,-29.0317337206859
204,-28.1569664239271
204.1,-27.322003636591
204.2,-26.561281210392
204.3,-25.8884364490769
204.4,-25.3066416610412
204.5,-24.8143121756088
204.6,-24.4080209570927
204.7,-24.0839217484265
204.8,-23.8384158354276
204.9,-23.6684452869712
205,-23.5716058420074
205.1,-23.5461752607484
205.2,-23.5911033280918
205.3,-23.705983606058
205.4,-23.8910117684499
205.5,-24.1469237944705
205.6,-24.4748944948341
205.7,-24.8763577944279
205.8,-25.3526779725697
205.9,-25.9045448959738
206,-26.5308705072948
206.1,-27.2268130067374
206.2,-27.9803649204936
206.3,-28.766871214652
206.4,-29.5414935475965
206.5,-30.232424905125
206.6,-30.7437589760395
206.7,-30.9809327790206
206.8,-30.8962929530355
206.9,-30.5188027757738
207,-29.9353662108138
207.1,-29.2448368566661
207.2,-28.5259126254228
207.3,-27.829603420356
207.4,-27.1846846037418
207.5,-26.6054891570432
207.6,-26.0979687807624
207.7,-25.6635724543884
207.8,-25.3015186598188
207.9,-25.0100667383253
208,-24.7872074651198
208.1,-24.6310275465435
208.2,-24.5398937041801
208.3,-24.5125369909155
208.4,-24.5480804028914
208.5,-24.6460307638918
208.6,-24.8062417481747
208.7,-25.0288440147862
208.8,-25.3141273208759
208.9,-25.6623450338604
209,-26.0733901422295
209.1,-26.5462595486426
209.2,-27.0781767165109
209.3,-27.6631849122476
209.4,-28.2899827246864
209.5,-28.9388490095775
209.6,-29.5779429351971
209.7,-30.1604785564021
209.8,-30.6263729738767
209.9,-30.9131879512771
210,-30.9768589945905
210.1,-30.8115222844325
210.2,-30.4524068594672
210.3,-29.9591312894456
210.4,-29.3936836163439
210.5,-28.8065633657898
210.6,-28.2331102949653
210.7,-27.6955878887768
210.8,-27.2068663692137
210.9,-26.7737163180446
211,-26.3991996413474
211.1,-26.0842446343183
211.2,-25.8286311548188
211.3,-25.6315877790884
211.4,-25.4921448819484
211.5,-25.4093369491029
211.6,-25.382311440003
211.7,-25.4103777114687
211.8,-25.4930138680401
211.9,-25.6298385435069
212,-25.8205460192637
212.1,-26.0647948278394
212.2,-26.3620304747077
212.3,-26.711210760169
212.4,-27.1103865554531
212.5,-27.556072768965
212.6,-28.0423298962364
212.7,-28.5594851809062
212.8,-29.0924995747253
212.9,-29.619217132243
213,-30.1092171890144
213.1,-30.5246865524331
213.2,-30.8250985990293
213.3,-30.9763079399031
213.4,-30.961260954148
213.5,-30.7863129165576
213.6,-30.4787340744336
213.7,-30.0772120077959
213.8,-29.6214106272359
213.9,-29.1451741500824
214,-28.6741058944061
214.1,-28.2260013459838
214.2,-27.8124462753196
214.3,-27.4405499003277
214.4,-27.1143896108292
214.5,-26.8360805653965
214.6,-26.6065181024685
214.7,-26.4258731297556
214.8,-26.2939132521986
214.9,-26.2102047249711
215,-26.1742333327927
215.1,-26.1854688656478
215.2,-26.2433878798173
215.3,-26.34746196725
215.4,-26.4971128022956
215.5,-26.6916299374127
215.6,-26.9300420238935
215.7,-27.2109264600231
215.8,-27.5321365490026
215.9,-27.8904203081099
216,-28.2809046218615
216.1,-28.696430326783
216.2,-29.1267628388034
216.3,-29.5577914220394
216.4,-29.9709887146707
216.5,-30.3436149853437
216.6,-30.6502990019468
216.7,-30.8664382508176
216.8,-30.9730617456232
216.9,-30.9615809543142
217,-30.8361995404695
217.1,-30.6126579473366
217.2,-30.3140158774241
217.3,-29.9655931008517
217.4,-29.5909854288483
217.5,-29.2099022952299
217.6,-28.8375743105017
217.7,-28.4851075271859
217.8,-28.1602335197586
217.9,-27.8681161803489
218,-27.6120578291598
218.1,-27.3940573594746
218.2,-27.2152258012285
218.3,-27.0760835571806
218.4,-26.9767661279089
218.5,-26.9171612969024
218.6,-26.8969952263751
218.7,-26.9158796200112
218.8,-26.9733275946453
218.9,-27.068742161586
219,-27.2013780588709
219.1,-27.3702748998664
219.2,-27.5741571060308
219.3,-27.811293961033
219.4,-28.079311799137
219.5,-28.3749508704945
219.6,-28.6937638388871
219.7,-29.029764566855
219.8,-29.3750596165873
219.9,-29.7195355102419
220,-30.0507323175805
220.1,-30.3540942383728
220.2,-30.6138096086279
220.3,-30.8143685895754
220.4,-30.9427218578288
220.5,-30.9905632988933
220.6,-30.9559912576094
220.7,-30.8438902946792
220.8,-30.664870088403
220.9,-30.4332032158551
221,-30.1645179939029
221.1,-29.8738916224204
221.2,-29.5746413754564
221.3,-29.2777913056307
221.4,-28.9920276226768
221.5,-28.7239321729328
221.6,-28.4783308589046
221.7,-28.2586559171923
221.8,-28.0672709552072
221.9,-27.905739694367
222,-27.7750367084968
222.1,-27.6757062026373
222.2,-27.607977243396
222.3,-27.5718435597072
222.4,-27.5671146349458
222.5,-27.5934430965514
222.6,-27.6503317318704
222.7,-27.7371219528927
222.8,-27.8529642405832
222.9,-27.9967700511009
223,-28.1671439329106
223.1,-28.3622943495241
223.2,-28.579922238598
223.3,-28.8170881797243
223.4,-29.0700629428585
223.5,-29.3341730764596
223.6,-29.6036638865916
223.7,-29.8716166380105
223.8,-30.1299728942361
223.9,-30.3697305148663
224,-30.5813719389424
224.1,-30.7555523845684
224.2,-30.8840057255686
224.3,-30.9605306998452
224.4,-30.9818391138207
224.5,-30.9480347240398
224.6,-30.8625770694551
224.7,-30.7317413126323
224.8,-30.5637363211884
224.9,-30.3677160392108
225,-30.152894598978
225.1,-29.9278897235478
225.2,-29.7003255209756
225.3,-29.4766606353261
225.4,-29.2621792399219
225.5,-29.0610812861415
225.6,-28.876621150852
225.7,-28.7112599713584
225.8,-28.5668110371711
225.9,-28.4445678272748
226,-28.3454108016655
226.1,-28.2698927492785
226.2,-28.218304292112
226.3,-28.1907217897733
226.4,-28.1870398935307
226.5,-28.2069906892112
226.6,-28.2501509373998
226.7,-28.3159384796083
226.8,-28.403598499327
226.9,-28.512180059821
227,-28.6405032420469
227.1,-28.7871173494179
227.2,-28.9502511314402
227.3,-29.1277569344235
227.4,-29.3170522599706
227.5,-29.5150645237502
227.6,-29.7181878765385
227.7,-29.922264550503
227.8,-30.1226066632095
227.9,-30.314076463328
228,-30.4912416937378
228.1,-30.6486158507995
228.2,-30.780979117108
228.3,-30.8837554025987
228.4,-30.953398701726
228.5,-30.9877258925257
228.6,-30.9861319445131
228.7,-30.9496418345744
228.8,-30.8807875787469
228.9,-30.7833371040932
229,-30.6619304196404
229.1,-30.5216888940497
229.2,-30.3678553240867
229.3,-30.2055027907474
229.4,-30.0393280442145
229.5,-29.8735270887491
229.6,-29.7117396045608
229.7,-29.5570444800498
229.8,-29.4119890657959
229.9,-29.2786376089923
230,-29.1586279942834
230.1,-29.0532293904706
230.2,-28.9633962249557
230.3,-28.889815977223
230.4,-28.8329496787466
230.5,-28.7930648752846
230.6,-28.7702612980471
230.7,-28.764489729066
230.8,-28.7755646299196
230.9,-28.8031711016521
231,-28.8468667066104
231.1,-28.9060786452845
231.2,-28.9800967698494
231.3,-29.0680629533848
231.4,-29.1689574402718
231.5,-29.2815829987058
231.6,-29.4045479980081
231.7,-29.5362499525481
231.8,-29.6748616077009
231.9,-29.8183222628221
232,-29.9643376624075
232.1,-30.1103923135741
232.2,-30.2537783137333
232.3,-30.3916444462426
232.4,-30.5210681542634
232.5,-30.6391508280809
232.6,-30.743133619957
232.7,-30.8305270337823
232.8,-30.8992435193577
232.9,-30.9477192564692
233,-30.9750103352512
233.1,-30.980850380952
233.2,-30.9656613519234
233.3,-30.9305158803399
233.4,-30.8770565646949
233.5,-30.8073833565616
233.6,-30.7239233716398
233.7,-30.6292977054891
233.8,-30.5261976071094
233.9,-30.4172786526036
234,-30.3050774654277
234.1,-30.1919519133321
234.2,-30.0800430528369
234.3,-29.9712555021302
234.4,-29.8672522654079
234.5,-29.7694600527803
234.6,-29.6790815740599
234.7,-29.5971119116574
234.8,-29.5243567429431
234.9,-29.4614507936768
235,-29.4088754176338
235.1,-29.3669746017897
235.2,-29.3359689984077
235.3,-29.3159678009922
235.4,-29.3069784288921
235.5,-29.3089140831537
235.6,-29.3215992995539
235.7,-29.344773666337
235.8,-29.3780939041954
235.9,-29.4211345323507
236,-29.4733873732479
236.1,-29.5342601837814
236.2,-29.6030747460776
236.3,-29.6790648070031
236.4,-29.7613743222012
236.5,-29.8490565345806
236.6,-29.9410744927043
236.7,-30.0363036815934
236.8,-30.1335374829626
236.9,-30.2314961856151
237,-30.3288402083451
237.1,-30.4241880553866
237.2,-30.5161392800871
237.3,-30.6033023775916
237.4,-30.6843270698371
237.5,-30.7579399165757
237.6,-30.8229816404066
237.7,-30.8784440704621
237.8,-30.9235042791279
237.9,-30.9575533939213
238,-30.9802177696912
238.1,-30.9913707144634
238.2,-30.9911337273759
238.3,-30.9798671272427
238.4,-30.9581508891284
238.5,-30.926757323486
238.6,-30.8866178146317
238.7,-30.8387861194656
238.8,-30.7844007087079
238.9,-30.724648358196
239,-30.6607307469309
239.1,-30.5938352827858
239.2,-30.5251108391682
239.3,-30.4556486089302
239.4,-30.3864679025022
239.5,-30.3185064490033
239.6,-30.2526145971691
239.7,-30.1895527412306
239.8,-30.1299912941592
239.9,-30.0745125753552
240,-30.0236140528463
240.1,-29.9777124662625
240.2,-29.937148445331
240.3,-29.9021913222956
240.4,-29.8730439114449
240.5,-29.8498470930803
240.6,-29.8326840925504
240.7,-29.8215843881595
240.8,-29.816527216088
240.9,-29.8174446673898
241,-29.8242243931174
241.1,-29.8367119500076
241.2,-29.8547128320713
241.3,-29.8779942438245
241.4,-29.9062866794473
241.5,-29.9392853793609
241.6,-29.9766517418147
241.7,-30.0180147721171
241.8,-30.0629726559725
241.9,-30.1110945456411
242,-30.1619226478098
242.1,-30.2149746994758
242.2,-30.2697469120603
242.3,-30.3257174536065
242.4,-30.3823505235666
242.5,-30.4391010538356
242.6,-30.4954200431304
242.7,-30.5507604998205
242.8,-30.6045839317181
242.9,-30.656367281681
243,-30.7056101673805
243.1,-30.7518422451297
243.2,-30.7946304845577
243.3,-30.8335861166504
243.4,-30.8683710054982
243.5,-30.8987031965653
243.6,-30.9243614128778
243.7,-30.945188305223
243.8,-30.9610923116356
243.9,-30.9720480419116
244,-30.978095170161
244.1,-30.9793358871753
244.2,-30.9759310291903
244.3,-30.9680950554782
244.4,-30.9560900901574
244.5,-30.9402192711908
244.6,-30.9208196608911
244.7,-30.8982549680853
244.8,-30.8729083144355
244.9,-30.8451752492216
245,-30.8154571815772
245.1,-30.7841553601994
245.2,-30.7516654910723
245.3,-30.7183730463539
245.4,-30.6846492841906
245.5,-30.6508479710479
245.6,-30.6173027757578
245.7,-30.5843252878921
245.8,-30.5522036019173
245.9,-30.5212014022201
246,-30.4915574817267
246.1,-30.4634856276503
246.2,-30.4371748110783
246.3,-30.4127896219353
246.4,-30.3904708967038
246.5,-30.3703364926564
246.6,-30.3524821688422
246.7,-30.3369825404029
246.8,-30.3238920787576
246.9,-30.3132461356672
247,-30.3050619741004
247.1,-30.2993397931406
247.2,-30.2960637379079
247.3,-30.2952028886433
247.4,-30.2967122257498
247.5,-30.3005335697567
247.6,-30.3065964969063
247.7,-30.3148192324124
247.8,-30.3251095244345
247.9,-30.3373655025061
248,-30.3514765245642
248.1,-30.3673240168947
248.2,-30.3847823112471
248.3,-30.403719483113
248.4,-30.4239981947184
248.5,-30.4454765456713
248.6,-30.4680089334516
248.7,-30.4914469250479
248.8,-30.5156401400512
248.9,-30.5404371444431
249,-30.565686353178
249.1,-30.5912369384926
249.2,-30.6169397397125
249.3,-30.6426481691981
249.4,-30.6682191080193
249.5,-30.6935137840078
249.6,-30.7183986240486
249.7,-30.7427460718674
249.8,-30.7664353621904
249.9,-30.7893532420175
250,-30.8113946298752
250.1,-30.8324632043281
250.2,-30.8524719137019
250.3,-30.8713433999256
250.4,-30.8890103305843
250.5,-30.90541563468
250.6,-30.9205126391647
250.7,-30.9342651049988
250.8,-30.9466471632391
250.9,-30.9576431534174
251,-30.9672473681709
251.1,-30.9754637096835
251.2,-30.9823052649286
251.3,-30.9877938079393
251.4,-30.9919592383338
251.5,-30.9948389660648
251.6,-30.9964772528422
251.7,-30.996924520887
251.8,-30.9962366396284
251.9,-30.994474200671
252,-30.9917017908626
252.1,-30.9879872726175
252.2,-30.9834010798275
252.3,-30.9780155367667
252.4,-30.9719042063909
252.5,-30.9651412734004
252.6,-30.9578009663882
252.7,-30.9499570223827
252.8,-30.9416821961164
252.9,-30.9330478154534
253,-30.9241233835772
253.1,-30.9149762278105
253.2,-30.9056711942955
253.3,-30.8962703872196
253.4,-30.8868329508278
253.5,-30.8774148921023
253.6,-30.8680689417244
253.7,-30.8588444507389
253.8,-30.8497873202224
253.9,-30.8409399611959
254,-30.8323412820156
254.1,-30.8240267005147
254.2,-30.8160281782408
254.3,-30.8083742742371
254.4,-30.801090215939
254.5,-30.7941979848983
254.6,-30.7877164151942
254.7,-30.7816613025492
254.8,-30.7760455223228
254.9,-30.7708791547113
255,-30.7661696156362
255.1,-30.7619217919479
255.2,-30.7581381797107
255.3,-30.7548190244651
255.4,-30.7519624624874
255.5,-30.7495646621763
255.6,-30.7476199648011
255.7,-30.7461210239396
255.8,-30.7450589430201
255.9,-30.7444234104567
256,-30.7442028319387
256.1,-30.7443844594935
256.2,-30.7449545170008
256.3,-30.7458983218808
256.4,-30.7472004027243
256.5,-30.7488446126715
256.6,-30.7508142383773
256.7,-30.7530921044344
256.8,-30.7556606731481
256.9,-30.7585021395848
257,-30.7615985218335
257.1,-30.7649317464422
257.2,-30.7684837290063
257.3,-30.7722364499025
257.4,-30.7761720251792
257.5,-30.7802727726243
257.6,-30.7845212730473
257.7,-30.7889004268253
257.8,-30.7933935057717
257.9,-30.7979842004019
258,-30.8026566626771
258.1,-30.8073955443221
258.2,-30.8121860308198
258.3,-30.8170138711976
258.4,-30.8218654037283
258.5,-30.8267275776791
258.6,-30.8315879712491
258.7,-30.8364348058447
258.8,-30.8412569568493
258.9,-30.8460439610509
259,-30.8507860208962
259.1,-30.8554740057465
259.2,-30.8600994503149
259.3,-30.8646545504666
259.4,-30.8691321565703
259.5,-30.8735257645872
259.6,-30.8778295050888
259.7,-30.8820381303922
259.8,-30.8861470000042
259.9,-30.8901520645633
260,-30.8940498484653
280,-30.9171823716141
280.1,-30.9125149360162
280.2,-30.9077424173127
280.3,-30.902868278187
280.4,-30.8978965705744
280.5,-30.8928319523251
280.6,-30.8876797025435
280.7,-30.8824457354177
280.8,-30.8771366123506
280.9,-30.8717595522019
281,-30.8663224394537
281.1,-30.860833830111
281.2,-30.8553029551508
281.3,-30.8497397213356
281.4,-30.8441547092123
281.5,-30.8385591681192
281.6,-30.8329650080299
281.7,-30.8273847880686
281.8,-30.8218317015377
281.9,-30.8163195573048
282,-30.8108627574047
282.1,-30.8054762707187
282.2,-30.8001756026048
282.3,-30.794976760358
282.4,-30.7898962143924
282.5,-30.7849508550451
282.6,-30.7801579449114
282.7,-30.7755350666352
282.8,-30.7711000660838
282.9,-30.7668709908519
283,-30.7628660240509
283.1,-30.7591034133496
283.2,-30.7556013952474
283.3,-30.7523781145749
283.4,-30.7494515392295
283.5,-30.746839370171
283.6,-30.74455894672
283.7,-30.7426271472177
283.8,-30.7410602851298
283.9,-30.739874000699
284,-30.7390831482762
284.1,-30.7387016794913
284.2,-30.7387425224551
284.3,-30.7392174572247
284.4,-30.7401369878035
284.5,-30.7415102109969
284.6,-30.7433446824973
284.7,-30.7456462806343
284.8,-30.7484190682898
284.9,-30.7516651535585
285,-30.7553845498125
285.1,-30.7595750359253
285.2,-30.7642320175098
285.3,-30.7693483901357
285.4,-30.7749144056111
285.5,-30.7809175425417
285.6,-30.787342382518
285.7,-30.7941704934213
285.8,-30.8013803214934
285.9,-30.8089470939632
286,-30.81684273418
286.1,-30.8250357913571
286.2,-30.8334913871735
286.3,-30.8421711816213
286.4,-30.8510333606086
286.5,-30.8600326479274
286.6,-30.8691203442693
286.7,-30.8782443960141
286.8,-30.8873494965039
286.9,-30.8963772224665
287,-30.9052662081303
287.1,-30.9139523593883
287.2,-30.9223691101098
287.3,-30.9304477223482
287.4,-30.9381176317612
287.5,-30.9453068390293
287.6,-30.9519423474333
287.7,-30.9579506460367
287.8,-30.9632582371077
287.9,-30.9677922055355
288,-30.9714808270397
288.1,-30.9742542109754
288.2,-30.9760449725122
288.3,-30.9767889279454
288.4,-30.9764258059092
288.5,-30.9748999663444
288.6,-30.9721611182541
288.7,-30.968165026607
288.8,-30.9628741982432
288.9,-30.9562585363403
289,-30.9482959529318
289.1,-30.9389729291553
289.2,-30.9282850133511
289.3,-30.9162372478444
289.4,-30.9028445162022
289.5,-30.8881318039462
289.6,-30.8721343671013
289.7,-30.8548978045053
289.8,-30.8364780314731
289.9,-30.8169411541305
290,-30.7963632454516
290.1,-30.7748300257058
290.2,-30.7524364515699
290.3,-30.7292862195609
290.4,-30.7054911906317
290.5,-30.6811707437353
290.6,-30.6564510668538
290.7,-30.6314643944214
290.8,-30.6063482002248
290.9,-30.5812443547564
291,-30.5562982556472
291.1,-30.5316579392342
291.2,-30.5074731805589
291.3,-30.483894588183
291.4,-30.46107269918
291.5,-30.4391570785566
291.6,-30.4182954262116
291.7,-30.3986326933884
291.8,-30.3803102094507
291.9,-30.3634648187405
292,-30.3482280262874
292.1,-30.3347251502536
292.2,-30.3230744782398
292.3,-30.3133864239596
292.4,-30.3057626803405
292.5,-30.300295364836
292.6,-30.2970661526653
292.7,-30.2961453938502
292.8,-30.297591210323
292.9,-30.3014485700584
293,-30.3077483361798
293.1,-30.3165062903301
293.2,-30.3277221313397
293.3,-30.3413784523973
293.4,-30.3574397025955
293.5,-30.3758511419165
293.6,-30.3965378024892
293.7,-30.419403473311
293.8,-30.4443297305893
293.9,-30.471175041398
294,-30.4997739743889
294.1,-30.5299365577166
294.2,-30.5614478309348
294.3,-30.5940676440958
294.4,-30.6275307632469
294.5,-30.661547346447
294.6,-30.6958038576927
294.7,-30.7299644870135
294.8,-30.7636731426488
294.9,-30.7965560748028
295,-30.8282251791922
295.1,-30.8582820117944
295.2,-30.8863225234796
295.3,-30.911942494606
295.4,-30.9347436157277
295.5,-30.954340122568
295.6,-30.9703658532704
295.7,-30.9824815563374
295.8,-30.9903822417972
295.9,-30.993804339548
296,-30.9925324109973
296.1,-30.9864051560522
296.2,-30.9753204692677
296.3,-30.9592393272538
296.4,-30.9381883333631
296.5,-30.9122608026773
296.6,-30.8816163363299
296.7,-30.8464789041416
296.8,-30.8071335228128
296.9,-30.7639216781303
297,-30.7172356892531
297.1,-30.6675122479135
297.2,-30.6152253837121
297.3,-30.5608791086459
297.4,-30.5049999811258
297.5,-30.4481298046633
297.6,-30.3908186424752
297.7,-30.3336182900196
297.8,-30.277076306314
297.9,-30.221730664709
298,-30.1681050468199
298.1,-30.1167047711088
298.2,-30.068013320965
298.3,-30.0224894163056
298.4,-29.9805645574811
298.5,-29.9426409600703
298.6,-29.9090897932689
298.7,-29.8802496322039
298.8,-29.8564250348998
298.9,-29.8378851570867
299,-29.8248623220627
299.1,-29.8175504680476
299.2,-29.816103401723
299.3,-29.8206327939916
299.4,-29.8312058626643
299.5,-29.8478426972611
299.6,-29.8705131941003
299.7,-29.8991335862616
299.8,-29.9335625739907
299.9,-29.9735970879751
300,-30.0189677521092
300.1,-30.0693341553039
300.2,-30.1242800948169
300.3,-30.1833090171868
300.4,-30.2458399569109
300.5,-30.3112043557204
300.6,-30.3786442326549
300.7,-30.447312260025
300.8,-30.5162743719818
300.9,-30.5845155758142
301,-30.6509496324922
301.1,-30.7144332010759
301.2,-30.7737848806153
301.3,-30.8278093173034
301.4,-30.8753261693927
301.5,-30.9152032511169
301.6,-30.9463926462037
301.7,-30.9679680531047
301.8,-30.9791611795569
301.9,-30.9793947332378
302,-30.9683095366946
302.1,-30.945783574362
302.2,-30.9119413528588
302.3,-30.8671527610054
302.4,-30.812021541943
302.5,-30.7473643983549
302.6,-30.6741825089339
302.7,-30.5936277391191
302.8,-30.5069660336856
302.9,-30.4155403919119
303,-30.3207355035367
303.1,-30.2239456487972
303.2,-30.1265469277554
303.3,-30.0298743604984
303.4,-29.9352039462117
303.5,-29.8437394161096
303.6,-29.756603171104
303.7,-29.6748307518675
303.8,-29.5993681289867
303.9,-29.5310711027484
304,-29.4707061447528
304.1,-29.4189520789462
304.2,-29.3764020737828
304.3,-29.3435654902299
304.4,-29.3208691960922
304.5,-29.3086580126261
304.6,-29.3071940040135
304.7,-29.3166543552779
304.8,-29.3371276125384
304.9,-29.3686080855071
305,-29.4109882418509
305.1,-29.4640489643563
305.2,-29.5274476049442
305.3,-29.6007038673116
305.4,-29.6831836979631
305.5,-29.7740815816383
305.6,-29.8724019404559
305.7,-29.9769407427177
305.8,-30.086268944647
305.9,-30.1987200051231
306,-30.3123843859813
306.1,-30.4251145862093
306.2,-30.5345447016816
306.3,-30.6381285303166
306.4,-30.7331995863061
306.5,-30.8170547890675
306.6,-30.8870609118737
306.7,-30.9407792229346
306.8,-30.9760996098844
306.9,-30.9913717216976
307,-30.9855184040319
307.1,-30.9581169536564
307.2,-30.9094369418497
307.3,-30.8404291584813
307.4,-30.7526673495431
307.5,-30.6482511316637
307.6,-30.5296831864926
307.7,-30.3997356791604
307.8,-30.2613198335729
307.9,-30.1173695027161
308,-29.9707455042496
308.1,-29.8241634857049
308.2,-29.6801448394157
308.3,-29.5409880045288
308.4,-29.4087563490439
308.5,-29.2852785079591
308.6,-29.1721572905182
308.7,-29.0707838070448
308.8,-28.9823541105794
308.9,-28.9078862743361
309,-28.8482363637429
309.1,-28.8041121834614
309.2,-28.7760839828851
309.3,-28.7645914997095
309.4,-28.7699468280161
309.5,-28.7923326348215
309.6,-28.8317952380149
309.7,-28.8882320215706
309.8,-28.9613726277193
309.9,-29.0507533657013
310,-29.1556843620235
310.1,-29.2752092174238
310.2,-29.4080574271202
310.3,-29.5525906887634
310.4,-29.7067456147055
310.5,-29.8679774253181
310.6,-30.0332120050001
310.7,-30.1988171479214
310.8,-30.3606074487528
310.9,-30.5139000958473
311,-30.6536391248962
311.1,-30.7746013221554
311.2,-30.8716859896937
311.3,-30.9402728563133
311.4,-30.9766103743398
311.5,-30.978177172564
311.6,-30.9439514271698
311.7,-30.8745331807769
311.8,-30.7720930910843
311.9,-30.6401590277759
312,-30.4832857382345
312.1,-30.3066710254277
312.2,-30.1157808228513
312.3,-29.9160296926047
312.4,-29.7125412761545
312.5,-29.5099930445796
312.6,-29.3125357615255
312.7,-29.1237711713198
312.8,-28.9467700746232
312.9,-28.7841149540963
313,-28.6379547374469
313.1,-28.5100628543659
313.2,-28.4018927938809
313.3,-28.3146276705145
313.4,-28.249221876362
313.5,-28.2064338520886
313.6,-28.1868494964201
313.7,-28.1908958786966
313.8,-28.2188448218808
313.9,-28.2708056568853
314,-28.3467060687851
314.1,-28.4462595138396
314.2,-28.5689172519743
314.3,-28.7138027245775
314.4,-28.8796260057539
314.5,-29.0645766923434
314.6,-29.2661953900277
314.7,-29.4812276469781
314.8,-29.7054707226054
314.9,-29.9336338431856
315,-30.1592467662164
315.1,-30.3746677649743
315.2,-30.5712550543537
315.3,-30.7397647483056
315.4,-30.8710099176601
315.5,-30.9567497930127
315.6,-30.9906839425879
315.7,-30.9693394969599
315.8,-30.8926145123286
315.9,-30.7638139401362
316,-30.5891671838771
316.1,-30.3769743398483
316.2,-30.1366143411668
316.3,-29.8776348184341
316.4,-29.609061602145
316.5,-29.3389699011566
316.6,-29.0742889384075
316.7,-28.8207788044011
316.8,-28.5831145625358
316.9,-28.3650244369485
317,-28.1694451508834
317.1,-27.9986720546589
317.2,-27.8544924176615
317.3,-27.7382971592097
317.4,-27.6511701908128
317.5,-27.5939563761439
317.6,-27.5673096423074
317.7,-27.5717225143258
317.8,-27.6075376062791
317.9,-27.6749405514068
318,-27.7739325614544
318.1,-27.904279302557
318.2,-28.065431104369
318.3,-28.2564078161289
318.4,-28.4756402432442
318.5,-28.7207598298499
318.6,-28.988330646354
318.7,-29.2735255179524
318.8,-29.5697654582927
318.9,-29.8683735225684
319,-30.1583439198003
319.1,-30.4263888255395
319.2,-30.6574721178315
319.3,-30.8360151216137
319.4,-30.9477957050092
319.5,-30.9822439081963
319.6,-30.9344927838727
319.7,-30.8064336748466
319.8,-30.6063374232067
319.9,-30.3472033105464
320,-30.0444886685023
320.1,-29.7139597084213
320.2,-29.3701384969687
320.3,-29.0254634009653
320.4,-28.6900365350123
320.5,-28.3717474128697
320.6,-28.0765831117629
320.7,-27.8089947722372
320.8,-27.572247431723
320.9,-27.3687206569779
321,-27.2001511813633
321.1,-27.0678204697032
321.2,-26.9726945774842
321.3,-26.9155242299903
321.4,-26.896911744964
321.5,-26.9173493069341
321.6,-26.9772306129527
321.7,-27.0768351377814
321.8,-27.2162811065747
321.9,-27.3954395156366
322,-27.6137970136396
322.1,-27.8702501354503
322.2,-28.1628078167475
322.3,-28.4881752061835
322.4,-28.8411942653069
322.5,-29.2141354309111
322.6,-29.5958872833798
322.7,-29.9712015837472
322.8,-30.3203336573006
322.9,-30.6196316415656
323,-30.843702375576
323.1,-30.9694096947148
323.2,-30.9809571596143
323.3,-30.8741275794046
323.4,-30.6575446301536
323.5,-30.3502488777063
323.6,-29.9769220998002
323.7,-29.5630036821392
323.8,-29.1312808084891
323.9,-28.7003076855025
324,-28.2842061184126
324.1,-27.8932115905902
324.2,-27.5344785100042
324.3,-27.2128726129815
324.4,-26.931637671664
324.5,-26.692912279536
324.6,-26.4981114540708
324.7,-26.3481995890982
324.8,-26.2438807543859
324.9,-26.1857273390142
325,-26.1742620773398
325.1,-26.2100028005569
325.2,-26.2934739492668
325.3,-26.4251835799589
325.4,-26.6055586452525
325.5,-26.8348238704898
325.6,-27.1127995894634
325.7,-27.4385805153212
325.8,-27.8100405227635
325.9,-28.223090995529
326,-28.6706131289513
326.1,-29.1410170935776
326.2,-29.6165157142924
326.3,-30.0715363561283
326.4,-30.4722983197662
326.5,-30.7792366007493
326.6,-30.9537799316407
326.7,-30.9687491898835
326.8,-30.8178092910973
326.9,-30.5179512535375
327,-30.1032083209265
327.1,-29.6139944363788
327.2,-29.0880407971521
327.3,-28.5557226913822
327.4,-28.0391789262083
327.5,-27.5534484490381
327.6,-27.1082122722246
327.7,-26.7094212053147
327.8,-26.3605719371506
327.9,-26.0636242823829
328,-25.8196298438121
328.1,-25.6291512672096
328.2,-25.4925371241031
328.3,-25.4100994581417
328.4,-25.3822254670827
328.5,-25.4094426741752
328.6,-25.4924474440617
328.7,-25.6320984489316
328.8,-25.8293680943519
328.9,-26.0852340490901
329,-26.4004773638531
329.1,-26.7753298147179
329.2,-27.2088770207889
329.3,-27.698073038143
329.4,-28.2361637750121
329.5,-28.8102917033801
329.6,-29.3981927056391
329.7,-29.9644961033553
329.8,-30.4586194043851
329.9,-30.8184296963206
330,-30.9841353155959
330.1,-30.9203930258153
330.2,-30.6330890708832
330.3,-30.1664313931661
330.4,-29.5830315703274
330.5,-28.9431007913794
330.6,-28.2934904434594
330.7,-27.6660605570284
330.8,-27.0805268863724
330.9,-26.5481757656013
331,-26.0749469414501
331.1,-25.6636013285799
331.2,-25.3151287555686
331.3,-25.0296253103357
331.4,-24.8068286765882
331.5,-24.6464416653581
331.6,-24.5483272600795
331.7,-24.5126260999662
331.8,-24.5398259734462
331.9,-24.6307984317631
332,-24.7868065204309
332.1,-25.0094767285059
332.2,-25.3007141421024
332.3,-25.6625177047953
332.4,-26.0966149328551
332.5,-26.603770505794
332.6,-27.1825143734383
332.7,-27.8268703022109
332.8,-28.5224818607573
332.9,-29.240564653637
333,-29.9301431109764
333.1,-30.5126400799762
333.2,-30.8894287649401
333.3,-30.9738551847908
333.4,-30.7370468621893
333.5,-30.22650551131
333.6,-29.5365332090956
333.7,-28.7628349043162
333.8,-27.9771243881566
333.9,-27.2242217439594
334,-26.5287975059437
334.1,-25.9028840531299
334.2,-25.3513471688197
334.3,-24.8752948448592
334.4,-24.4740528798077
334.5,-24.1462690935353
334.6,-23.8905189506261
334.7,-23.7056350835291
334.8,-23.590887634719
334.9,-23.5460862390673
335,-23.5716422635926
335.1,-23.6686108763672
335.2,-23.8387197156876
335.3,-24.0843793804369
335.4,-24.4086557109464
335.5,-24.8151577544693
335.6,-25.3077456893325
335.7,-25.8898655893001
335.8,-26.5631280060269
335.9,-27.3243943285779
336,-28.1600657236561
336.1,-29.0357336852533
336.2,-29.8804727603842
336.3,-30.5728779304137
336.4,-30.9550334700478
336.5,-30.9049125432544
336.6,-30.425870813894
336.7,-29.6439304446452
336.8,-28.7166655770818
336.9,-27.7633850310256
337,-26.8532363911764
337.1,-26.0196401694733
337.2,-25.2758154712757
337.3,-24.6248913390268
337.4,-24.0654637153594
337.5,-23.5944296491592
337.6,-23.2083755574249
337.7,-22.9042361842049
337.8,-22.6795972214554
337.9,-22.5328306338962
338,-22.4631579538386
338.1,-22.4706896398552
338.2,-22.55646455788
338.3,-22.7225003981662
338.4,-22.9718562321685
338.5,-23.3086966788297
338.6,-23.7383255135962
338.7,-24.2671100625461
338.8,-24.9021136993341
338.9,-25.6500189052094
339,-26.5143986656234
339.1,-27.4892817884605
339.2,-28.5449894148431
339.3,-29.6008552588949
339.4,-30.4889845907852
339.5,-30.9585930788515
339.6,-30.8127630591767
339.7,-30.0939351063618
339.8,-29.0392408295137
339.9,-27.8808066492436
340,-26.7561849742216
340.1,-25.7264504090516
340.2,-24.8118621291432
340.3,-24.0145981658426
340.4,-23.3299321401944
340.5,-22.7511929860384
340.6,-22.2718348581875
340.7,-21.8862381495082
340.8,-21.5899746865581
340.9,-21.3798616027535
341,-21.2539471840781
341.1,-21.2114925023303
341.2,-21.2529781495446
341.3,-21.3801507455407
341.4,-21.596117619587
341.5,-21.9054939340219
341.6,-22.31459883266
341.7,-22.8316759620114
341.8,-23.4670550682169
341.9,-24.233013278278
342,-25.1426715492846
342.1,-26.2061345590407
342.2,-27.4191814535105
342.3,-28.7334306666946
342.4,-29.9910475633526
342.5,-30.848420207739
342.6,-30.8924297572021
342.7,-30.0689811361586
342.8,-28.7551904367216
342.9,-27.3309324242601
343,-25.9878238485207
343.1,-24.7901946705932
343.2,-23.7481799279359
343.3,-22.8535196867419
343.4,-22.0934918200793
343.5,-21.4557799235246
343.6,-20.9299484313576
343.7,-20.5077168968256
343.8,-20.1828505596513
343.9,-19.9509671322612
344,-19.8093671421141
344.1,-19.7569246882181
344.2,-19.7940516465923
344.3,-19.9227428607785
344.4,-20.1467118930173
344.5,-20.4716320638869
344.6,-20.9055026835888
344.7,-21.4591593813208
344.8,-22.146921434635
344.9,-22.9872578006961
345,-24.0029615566098
345.1,-25.2190006339884
345.2,-26.6518100745703
345.3,-28.2699869412744
345.4,-29.8760977284922
345.5,-30.9057976297853
345.6,-30.6601507944099
345.7,-29.2790900646472
345.8,-27.5096961895732
345.9,-25.8076448919271
346,-24.3087894918135
346.1,-23.0251945598272
346.2,-21.9363133456577
346.3,-21.0174329847757
346.4,-20.247044124671
346.5,-19.6080605400563
346.6,-19.0874317972703
346.7,-18.6754715024971
346.8,-18.3652608975918
346.9,-18.1522043190553
347,-18.0337359101835
347.1,-18.0091628588833
347.2,-18.0796355511081
347.3,-18.2482465068104
347.4,-18.5202750156343
347.5,-18.9036138203867
347.6,-19.4094400477095
347.7,-20.0532255139831
347.8,-20.8562114354949
347.9,-21.8474391397692
348,-23.0660513503256
348.1,-24.5615948514244
348.2,-26.3806648959521
348.3,-28.486147742267
348.4,-30.4266591284969
348.5,-30.890034088431
348.6,-29.3190958158921
348.7,-27.0335548333439
348.8,-24.9041569655917
348.9,-23.1022203431139
349,-21.6028416719772
349.1,-20.3543949440735
349.2,-19.3124911903709
349.3,-18.4435907332597
349.4,-17.7231235047504
349.5,-17.1332434790415
349.6,-16.6610975570072
349.7,-16.2976215295729
349.8,-16.036740098934
349.9,-15.8748623504065
350,-15.8106001493942
350.1,-15.8446696134087
350.2,-15.9799636997939
350.3,-16.2218111119152
350.4,-16.578469251745
350.5,-17.061945750548
350.6,-17.6893187259866
350.7,-18.4848547704542
350.8,-19.4834408708764
350.9,-20.736155055792
351,-22.3188084143644
351.1,-24.3405382973424
351.2,-26.9150157303255
351.3,-29.8008999528494
351.4,-30.8869567672152
351.5,-28.5163317286796
351.6,-25.4435026664065
351.7,-22.8787900684001
351.8,-20.8317771123636
351.9,-19.1793757546385
352,-17.8253261645735
352.1,-16.7042696192267
352.2,-15.7720636687001
352.3,-14.9983887431302
352.4,-14.3620961014408
352.5,-13.8483530491547
352.6,-13.4468809846684
352.7,-13.1508651827318
352.8,-12.9562962925879
352.9,-12.861610581306
353,-12.8675615492401
353.1,-12.9773010235577
353.2,-13.1966874978877
353.3,-13.5348859101029
353.4,-14.005392831287
353.5,-14.6277440039777
353.6,-15.4304002831719
353.7,-16.4558082712676
353.8,-17.769744597295
353.9,-19.4796145345361
354,-21.7716203915921
354.1,-24.9718681208342
354.2,-29.2745884844567
354.3,-30.3903707458792
354.4,-25.8720350025778
354.5,-21.9825018620239
354.6,-19.1335048627236
354.7,-16.9543350341058
354.8,-15.219973999183
354.9,-13.8026167871519
355,-12.6254617926596
355.1,-11.6396796219623
355.2,-10.8128576414559
355.3,-10.1228620640521
355.4,-9.55439499435922
355.5,-9.09698272022153
355.6,-8.74377721976506
355.7,-8.49085559366143
355.8,-8.33685490921057
355.9,-8.28286528864997
356,-8.33256062507005
356.1,-8.49259591005889
356.2,-8.77336106423492
356.3,-9.1902786882909
356.4,-9.766016949056
356.5,-10.5343750544391
356.6,-11.5474934412121
356.7,-12.8903518245966
356.8,-14.7133556274626
356.9,-17.3179394634762
357,-21.4349122546708
357.1,-28.9284366939265
357.2,-26.1409732741535
357.3,-19.1237270499944
357.4,-14.918469467257
357.5,-11.9514072224873
357.6,-9.65633644532208
357.7,-7.78478929045259
357.8,-6.20704266281445
357.9,-4.84704928801564
358,-3.65645585088286
358.1,-2.60262360388642
358.2,-1.66249173938372
358.3,-0.819171896042421
358.4,-0.059935787197779
358.5,0.625035640692588
358.6,1.24346269492258
358.7,1.80151063047879
358.8,2.30416521165433
358.9,2.75549867533992
359,3.15886211769737
359.1,3.51702718333606
359.2,3.83229199271419
359.3,4.10656129296501
359.4,4.3414076461638
359.5,4.538118386068
359.6,4.6977316735634
359.7,4.82106401715912
359.8,4.90873094559995
359.9,4.96116202809906
360,4.97861107031974
